Time,cpu,rowid,datetimestamp,ipaddress,diskusage,memory,co2,equivalentco2ppm,pressure,temperatureicp,AVG(temperature)
2022-11-22 20:19:04,4.8,20221122201859_ed73f6c9-c497-4e40-9828-e1a6319e3c15,2022-11-22 20:19:03.849050+00:00,192.168.1.179,102627.6 MB,10.0,643.0,400.0,101930.1,83.0,29.4823
2022-11-22 16:39:44,5.3,20221122163938_d3981346-97f9-448b-b43d-b916e6cf718e,2022-11-22 16:39:43.430598+00:00,192.168.1.179,102637.0 MB,10.3,777.0,400.0,102221.63,81.0,29.4129
2022-11-22 20:19:09,10.3,20221122201904_68f81865-8ba5-4249-88e4-cb98b60dc423,2022-11-22 20:19:08.675974+00:00,192.168.1.179,102627.6 MB,10.0,638.0,65535.0,101926.68,83.0,29.0471
2022-11-22 16:39:49,6.0,20221122163944_c4aedd91-cca1-4ecf-b56a-c782abb1e74c,2022-11-22 16:39:48.203721+00:00,192.168.1.179,102637.0 MB,9.9,760.0,65535.0,102222.33,81.0,29.0337
2022-11-21 23:20:14,6.8,20221121232009_87f9e59c-5100-41aa-b4ef-25b2f2070f16,2022-11-21 23:20:13.757715+00:00,192.168.1.179,102675.7 MB,9.8,982.0,65535.0,102035.76,83.0,28.9029
2022-11-22 20:19:14,5.3,20221122201909_82fc5a2c-8bd8-40f7-b2dd-cd86180c971a,2022-11-22 20:19:13.486163+00:00,192.168.1.179,102627.6 MB,10.0,653.0,400.0,101926.45,83.0,28.7801
2022-11-22 16:39:54,5.3,20221122163949_e4019341-b8c8-4380-98aa-7995a2972528,2022-11-22 16:39:53.019307+00:00,192.168.1.179,102637.0 MB,9.9,776.0,65535.0,102222.06,81.0,28.7801
2022-11-21 23:21:40,5.0,20221121232135_1de1bd3f-550c-4392-80af-e1cfcdda9c0c,2022-11-21 23:21:39.910352+00:00,192.168.1.179,102675.7 MB,9.8,928.0,400.0,102035.1,84.0,28.748
2022-11-22 16:39:58,5.3,20221122163954_caae70fb-b5ec-4a61-abbd-dab61a00afe1,2022-11-22 16:39:57.833745+00:00,192.168.1.179,102637.0 MB,9.9,776.0,65535.0,102221.48,81.0,28.5504
2022-11-22 20:19:19,5.7,20221122201914_b0a871a4-5372-4547-bdeb-2c1290f37335,2022-11-22 20:19:18.304453+00:00,192.168.1.179,102627.6 MB,10.0,649.0,65535.0,101926.91,83.0,28.5184
2022-11-21 23:33:43,5.0,20221121233338_56de4998-7302-4528-9b2b-a84aac811065,2022-11-21 23:33:42.444228+00:00,192.168.1.179,102675.6 MB,9.8,974.0,65535.0,102032.82,83.0,28.4756
2022-11-21 23:20:19,6.8,20221121232014_b93ba22b-8fcc-436e-8ce9-62893252ac91,2022-11-21 23:20:18.574131+00:00,192.168.1.179,102675.7 MB,9.8,957.0,65535.0,102034.25,83.0,28.4543
2022-11-21 23:21:45,5.2,20221121232140_5bbfe0fb-d51a-4bb3-bd8e-bf505024abf2,2022-11-21 23:21:44.724117+00:00,192.168.1.179,102675.7 MB,9.8,927.0,65535.0,102038.92,84.0,28.3688
2022-11-22 16:40:03,9.3,20221122163958_9019b841-840f-4e75-b905-46303a02b812,2022-11-22 16:40:02.677805+00:00,192.168.1.179,102637.0 MB,9.9,774.0,65535.0,102220.73,81.0,28.3448
2022-11-22 20:19:24,7.3,20221122201919_9ea8eabf-8df9-41ed-a360-6712ee433b8e,2022-11-22 20:19:23.071209+00:00,192.168.1.179,102627.6 MB,10.0,660.0,65535.0,101927.51,83.0,28.2994
2022-11-22 20:19:28,5.5,20221122201924_8fe11c1c-13d9-4d76-8a5d-2fee9b998ef1,2022-11-22 20:19:27.825023+00:00,192.168.1.179,102627.6 MB,10.4,665.0,65535.0,101926.92,83.0,28.1205
2022-11-22 16:40:08,5.3,20221122164003_cbbb0289-e34d-47eb-8005-938406313020,2022-11-22 16:40:07.405947+00:00,192.168.1.179,102637.0 MB,10.0,770.0,65535.0,102220.43,81.0,28.1152
2022-11-21 23:21:50,5.5,20221121232145_d4adc199-a697-4c6f-9594-825ae6dda063,2022-11-21 23:21:49.551929+00:00,192.168.1.179,102675.7 MB,9.8,943.0,65535.0,102036.08,84.0,28.0991
2022-11-21 23:33:48,5.0,20221121233343_46bb8e24-c5bb-4e5a-8b2a-f64719f227d1,2022-11-21 23:33:47.289009+00:00,192.168.1.179,102675.6 MB,9.8,960.0,65535.0,102033.78,83.0,28.0511
2022-11-22 16:40:13,5.5,20221122164008_698713f9-9643-4202-af28-6686959fd33a,2022-11-22 16:40:12.218168+00:00,192.168.1.179,102637.0 MB,10.0,768.0,401.0,102222.48,81.0,27.9149
2022-11-21 23:21:55,11.2,20221121232150_b3803649-38be-45f0-98d0-411d876ce3fd,2022-11-21 23:21:54.364437+00:00,192.168.1.179,102675.7 MB,9.8,946.0,65535.0,102031.94,84.0,27.8615
2022-11-21 23:33:53,10.8,20221121233348_cbc6ae01-5c7f-493b-ba65-5a8943ced01c,2022-11-21 23:33:52.093108+00:00,192.168.1.179,102675.6 MB,9.8,953.0,65535.0,102032.09,83.0,27.7573
2022-11-22 16:40:18,5.7,20221122164013_6a476901-2dd6-4f73-b6d5-6a77508b8aa1,2022-11-22 16:40:17.032246+00:00,192.168.1.179,102637.0 MB,10.4,768.0,65535.0,102217.36,81.0,27.7386
2022-11-21 23:22:00,5.0,20221121232155_b8bda7c4-82db-4f6a-bb4c-b2e991626ac4,2022-11-21 23:21:59.077170+00:00,192.168.1.179,102675.7 MB,9.9,949.0,65535.0,102032.05,84.0,27.6238
2022-11-22 16:40:22,5.7,20221122164018_ccc76983-0eab-40cf-b8b6-e56841df0902,2022-11-22 16:40:21.846103+00:00,192.168.1.179,102637.0 MB,10.0,766.0,65535.0,102220.45,81.0,27.5758
2022-11-21 23:33:57,5.0,20221121233353_7c1669db-39c4-4ce7-bdee-435efd0a0bb8,2022-11-21 23:33:56.801355+00:00,192.168.1.179,102675.6 MB,10.2,940.0,400.0,102035.02,83.0,27.5224
2022-11-22 16:40:27,6.8,20221122164022_c63206d4-7e76-4375-8365-070e9e1bd744,2022-11-22 16:40:26.656274+00:00,192.168.1.179,102637.0 MB,10.0,765.0,65535.0,102219.98,81.0,27.4583
2022-11-21 23:07:04,5.2,20221121230659_8ba6481a-f124-4792-b6d7-1c81a91edc40,2022-11-21 23:07:03.338227+00:00,192.168.1.179,102675.8 MB,9.8,914.0,65535.0,102035.32,85.0,27.3782
2022-11-22 16:40:32,5.0,20221122164027_edf8048f-9c73-4dcb-9dfb-e4dd58e9e62d,2022-11-22 16:40:31.363933+00:00,192.168.1.179,102637.0 MB,10.0,765.0,65535.0,102221.82,81.0,27.3248
2022-11-21 23:34:02,4.5,20221121233357_ee1910cc-276c-4d04-87b4-8e85a0aaa44a,2022-11-21 23:34:01.614586+00:00,192.168.1.179,102675.6 MB,9.8,966.0,65535.0,102038.0,83.0,27.2794
2022-11-22 16:40:37,5.2,20221122164032_18f8fc7a-dcd1-49de-8110-0df248c9a9b1,2022-11-22 16:40:36.172817+00:00,192.168.1.179,102637.0 MB,10.0,766.0,408.0,102221.31,81.0,27.1992
2022-11-21 23:34:07,6.0,20221121233402_aac83f6b-5f1d-4536-9ded-f7f77d9c9d86,2022-11-21 23:34:06.431643+00:00,192.168.1.179,102675.6 MB,9.8,950.0,65535.0,102033.31,83.0,27.0737
2022-11-22 16:40:42,11.3,20221122164037_6e67df83-4515-420a-854b-33bd963d57a2,2022-11-22 16:40:40.997337+00:00,192.168.1.179,102637.0 MB,10.0,767.0,65535.0,102222.1,81.0,27.0684
2022-11-22 16:40:46,5.0,20221122164042_3b4411c4-5214-45de-b101-d86b2dd87dac,2022-11-22 16:40:45.814264+00:00,192.168.1.179,102637.0 MB,10.0,767.0,65535.0,102222.3,81.0,26.8922
2022-11-21 23:34:12,5.0,20221121233407_e9983fd0-ae99-4232-88a9-db0fdf24319e,2022-11-21 23:34:11.247482+00:00,192.168.1.179,102675.6 MB,9.8,941.0,65535.0,102033.97,83.0,26.8815
2022-11-22 16:40:51,5.8,20221122164046_3e28a6eb-8f28-42bb-af6b-63e5e3e38bdc,2022-11-22 16:40:50.627967+00:00,192.168.1.179,102637.0 MB,10.0,767.0,65535.0,102219.0,81.0,26.7987
2022-11-21 23:34:17,6.0,20221121233412_f70c0dfa-2d38-44e7-9d36-578b9042bf57,2022-11-21 23:34:16.070448+00:00,192.168.1.179,102675.6 MB,9.8,942.0,65535.0,102032.51,83.0,26.6972
2022-11-22 16:40:56,6.1,20221122164051_6c696e3c-e876-4b86-9def-9922f5ce14d0,2022-11-22 16:40:55.415114+00:00,192.168.1.179,102637.0 MB,10.4,768.0,65535.0,102220.21,81.0,26.6492
2022-11-21 23:34:21,5.5,20221121233417_a593ba72-5e6b-446a-a2da-8e9876eedb10,2022-11-21 23:34:20.862776+00:00,192.168.1.179,102675.6 MB,9.8,942.0,65535.0,102032.04,83.0,26.521
2022-11-22 16:41:01,5.0,20221122164056_82baef1a-136a-4d0a-8adc-422af6c75447,2022-11-22 16:41:00.226306+00:00,192.168.1.179,102637.0 MB,10.0,769.0,65535.0,102220.37,81.0,26.5076
2022-11-22 16:41:05,5.8,20221122164101_9ed25505-7de9-406b-b6ed-1e8eee376cd7,2022-11-22 16:41:04.940477+00:00,192.168.1.179,102637.0 MB,10.0,771.0,65535.0,102221.66,81.0,26.3928
2022-11-21 23:34:26,5.2,20221121233421_e5ac638d-199b-4589-a081-06dc59bcd5b6,2022-11-21 23:34:25.575234+00:00,192.168.1.179,102675.6 MB,9.8,938.0,65535.0,102031.97,83.0,26.3688
2022-11-22 16:41:10,5.0,20221122164105_6d048e13-9119-4128-b946-f967f7f3832c,2022-11-22 16:41:09.755116+00:00,192.168.1.179,102637.0 MB,10.0,771.0,65535.0,102219.94,81.0,26.2914
2022-11-21 23:34:31,9.6,20221121233426_8fd89171-788d-4946-98fa-c8d464f983a5,2022-11-21 23:34:30.390294+00:00,192.168.1.179,102675.6 MB,10.2,939.0,65535.0,102033.3,83.0,26.2353
2022-11-22 16:41:15,5.7,20221122164110_d4475c64-d916-4791-9078-9fe67c9414fa,2022-11-22 16:41:14.568383+00:00,192.168.1.179,102637.0 MB,10.0,774.0,65535.0,102219.53,81.0,26.1792
2022-11-21 23:34:36,5.8,20221121233431_325ae9fc-5ad0-461f-aa2a-12ef38c6d79b,2022-11-21 23:34:35.203907+00:00,192.168.1.179,102667.6 MB,9.8,940.0,65535.0,102033.39,83.0,26.0964
2022-11-22 16:41:20,10.1,20221122164115_8a153a77-f81a-4a6c-b88d-d9d55e58f10c,2022-11-22 16:41:19.376178+00:00,192.168.1.179,102637.0 MB,10.0,773.0,65535.0,102221.69,82.0,26.0831
2022-11-22 16:41:25,5.0,20221122164120_5936ea6b-e0f6-41aa-a423-f1f3c076ee16,2022-11-22 16:41:24.190754+00:00,192.168.1.179,102637.0 MB,10.0,772.0,65535.0,102218.53,82.0,26.0217
2022-11-21 23:34:41,5.7,20221121233436_9dd2c75a-a227-44cb-b8ee-490c42339626,2022-11-21 23:34:40.015439+00:00,192.168.1.179,102667.6 MB,9.8,939.0,65535.0,102030.33,83.0,25.9576
2022-11-22 16:41:29,5.2,20221122164125_54509e91-862b-4379-bf96-ad5b23c4c80c,2022-11-22 16:41:28.908255+00:00,192.168.1.179,102637.0 MB,10.4,772.0,65535.0,102218.95,82.0,25.9309
2022-11-21 23:34:45,7.1,20221121233441_7861feb6-1d3c-4d64-b25a-f1e8a05e6317,2022-11-21 23:34:44.826602+00:00,192.168.1.179,102667.6 MB,9.8,940.0,65535.0,102033.19,84.0,25.8401
2022-11-22 16:41:34,7.0,20221122164129_43566140-2fa7-4f67-bb60-7dd5e65d0e4c,2022-11-22 16:41:33.720554+00:00,192.168.1.179,102637.0 MB,10.0,771.0,65535.0,102218.3,82.0,25.8374
2022-11-22 16:41:39,5.2,20221122164134_df62acb6-5ec1-4c82-8f74-cdd22ce898c8,2022-11-22 16:41:38.540307+00:00,192.168.1.179,102637.0 MB,10.0,771.0,65535.0,102219.04,82.0,25.776
2022-11-22 16:41:44,5.8,20221122164139_d1f4d199-8def-4c3d-8ce5-8a7c8583fc2d,2022-11-22 16:41:43.360928+00:00,192.168.1.179,102637.0 MB,10.0,770.0,65535.0,102220.27,82.0,25.7333
2022-11-21 23:34:50,5.0,20221121233445_1cf51ca3-a3aa-4826-99ee-d2e864065451,2022-11-21 23:34:49.643764+00:00,192.168.1.179,102667.6 MB,9.8,940.0,65535.0,102032.54,84.0,25.7226
2022-11-22 16:41:49,5.5,20221122164144_686b6400-52c9-4504-a389-750378eb2fc4,2022-11-22 16:41:48.173030+00:00,192.168.1.179,102637.0 MB,10.0,769.0,410.0,102219.53,81.0,25.7039
2022-11-22 16:41:53,5.0,20221122164149_8629043a-0126-4860-96b2-4107de14f37e,2022-11-22 16:41:52.879838+00:00,192.168.1.179,102637.0 MB,10.0,768.0,65535.0,102218.75,81.0,25.6718
2022-11-21 23:34:55,6.3,20221121233450_28c84780-f953-458c-bd66-babce2be361a,2022-11-21 23:34:54.415536+00:00,192.168.1.179,102667.6 MB,9.8,941.0,404.0,102034.91,84.0,25.6264
2022-11-21 23:35:00,5.2,20221121233455_977cb8da-3dee-4d37-be0a-6846985e12a3,2022-11-21 23:34:59.224000+00:00,192.168.1.179,102667.6 MB,9.8,941.0,65535.0,102034.31,84.0,25.5196
2022-11-21 23:35:04,5.5,20221121233500_b5c5a041-a208-4c47-82c4-35b1a0a8e733,2022-11-21 23:35:03.942992+00:00,192.168.1.179,102667.6 MB,9.9,942.0,404.0,102034.57,84.0,25.4262
2022-11-21 23:35:09,9.3,20221121233504_cc3ff767-a998-4eac-a65f-620c58c2da66,2022-11-21 23:35:08.754684+00:00,192.168.1.179,102667.6 MB,10.2,942.0,65535.0,102033.14,83.0,25.3621
2022-11-21 23:35:14,5.3,20221121233509_2d3beb33-df80-40ea-a260-bc504355b07c,2022-11-21 23:35:13.563966+00:00,192.168.1.179,102667.6 MB,9.8,943.0,65535.0,102030.54,84.0,25.2847
2022-11-21 23:35:19,6.5,20221121233514_c7f65812-6a83-4983-8862-ff4359436801,2022-11-21 23:35:18.375011+00:00,192.168.1.179,102667.6 MB,9.8,943.0,65535.0,102032.93,83.0,25.2099
2022-11-21 23:35:24,7.1,20221121233519_30b7a126-109a-4cde-8656-73daae9bb444,2022-11-21 23:35:23.132603+00:00,192.168.1.179,102667.6 MB,9.8,943.0,65535.0,102034.58,83.0,25.1511
2022-11-21 23:35:28,5.3,20221121233524_d33c1de9-a724-480c-b78e-db41c0f492ae,2022-11-21 23:35:27.949431+00:00,192.168.1.179,102667.6 MB,9.8,943.0,65535.0,102038.45,83.0,25.0951
2022-11-21 23:42:50,10.2,20221121234245_9a137102-e08d-415d-8d1d-810599964ca6,2022-11-21 23:42:49.088536+00:00,192.168.1.179,102667.5 MB,9.8,971.0,65535.0,102027.19,82.0,25.0603
2022-11-21 23:43:23,4.8,20221121234319_ef91869e-dd2a-4bed-9bf6-95821c40a011,2022-11-21 23:43:22.676995+00:00,192.168.1.179,102667.5 MB,10.3,976.0,65535.0,102027.43,82.0,25.0497
2022-11-21 23:42:45,4.8,20221121234240_16afa364-f5eb-43a7-87e2-1d012aa925d6,2022-11-21 23:42:44.270542+00:00,192.168.1.179,102667.5 MB,10.2,970.0,65535.0,102025.47,82.0,25.047
2022-11-21 23:42:40,5.0,20221121234235_f7b1ca72-8c41-48d4-a230-b77103175ba0,2022-11-21 23:42:39.562674+00:00,192.168.1.179,102667.5 MB,9.8,969.0,403.0,102028.07,82.0,25.047
2022-11-21 23:35:33,6.2,20221121233529_4d81df3b-1bdb-4d4b-a9f4-46688057de77,2022-11-21 23:35:32.752457+00:00,192.168.1.179,102667.6 MB,9.8,942.0,65535.0,102036.84,83.0,25.0443
2022-11-21 23:42:54,5.0,20221121234250_2fd402e2-6df4-444c-a9b0-4692d617ea19,2022-11-21 23:42:53.897082+00:00,192.168.1.179,102667.5 MB,9.8,969.0,65535.0,102028.95,82.0,25.039
2022-11-21 23:42:59,5.5,20221121234254_745fbf39-a302-409a-ad5e-12e7f695bfce,2022-11-21 23:42:58.707797+00:00,192.168.1.179,102667.5 MB,9.8,973.0,65535.0,102032.23,82.0,25.031
2022-11-21 23:43:28,11.6,20221121234323_330bc2a8-d4b8-4af6-987c-3654fe487856,2022-11-21 23:43:27.488721+00:00,192.168.1.179,102667.5 MB,9.9,975.0,412.0,102028.26,82.0,25.0256
2022-11-21 23:43:18,5.0,20221121234314_d95c1d39-328a-483b-94e3-f89b9d238a20,2022-11-21 23:43:17.862975+00:00,192.168.1.179,102667.5 MB,9.9,975.0,65535.0,102027.67,82.0,25.0256
2022-11-21 23:43:14,4.8,20221121234309_a007b6e4-8c81-417f-b45f-537ab71f1611,2022-11-21 23:43:13.051168+00:00,192.168.1.179,102667.5 MB,9.9,976.0,65535.0,102026.05,82.0,25.023
2022-11-21 23:43:04,9.2,20221121234259_09c54aa4-7496-4b4a-a442-598567322338,2022-11-21 23:43:03.524889+00:00,192.168.1.179,102667.5 MB,9.9,973.0,65535.0,102024.82,82.0,25.0176
2022-11-21 23:43:38,5.2,20221121234333_d04204c9-864b-4d06-80e4-7d6dd108248a,2022-11-21 23:43:37.012948+00:00,192.168.1.179,102667.5 MB,9.9,975.0,65535.0,102027.31,83.0,25.0043
2022-11-21 23:43:33,5.3,20221121234328_56b6ac6e-c491-4d61-b9b7-85c34a75e52a,2022-11-21 23:43:32.297508+00:00,192.168.1.179,102667.5 MB,9.9,975.0,65535.0,102024.67,83.0,25.0016
2022-11-21 23:42:35,5.2,20221121234230_c8a27b06-a9ca-4240-be91-fa2b727b159f,2022-11-21 23:42:34.748614+00:00,192.168.1.179,102667.5 MB,9.8,966.0,65535.0,102029.91,82.0,24.9989
2022-11-21 23:43:09,5.7,20221121234304_a1385004-84fc-466e-9b23-f02a73ee7a17,2022-11-21 23:43:08.337235+00:00,192.168.1.179,102667.5 MB,9.9,975.0,65535.0,102028.17,82.0,24.9963
2022-11-21 23:35:38,5.0,20221121233533_49a9a978-0c80-4857-930a-cd61be1b5253,2022-11-21 23:35:37.565574+00:00,192.168.1.179,102667.6 MB,9.9,942.0,65535.0,102033.69,83.0,24.9883
2022-11-21 23:43:42,9.3,20221121234338_7226ee1a-d940-41bd-9a5a-fa16b18f8589,2022-11-21 23:43:41.822273+00:00,192.168.1.179,102667.5 MB,9.9,975.0,403.0,102023.81,83.0,24.9722
2022-11-21 23:43:47,5.0,20221121234342_667ad27a-b51e-4cdc-9fc3-b5d5054563f7,2022-11-21 23:43:46.634521+00:00,192.168.1.179,102667.5 MB,9.9,975.0,65535.0,102029.56,83.0,24.9669
2022-11-21 23:35:43,5.0,20221121233538_589b57d8-4ea5-4326-bfe5-5c14e44c8c6e,2022-11-21 23:35:42.326065+00:00,192.168.1.179,102667.6 MB,10.3,942.0,65535.0,102030.76,83.0,24.9535
2022-11-21 23:44:02,5.0,20221121234357_aff8d10f-5d86-4768-a963-015bc1c47ba9,2022-11-21 23:44:01.024908+00:00,192.168.1.179,102667.5 MB,9.9,977.0,65535.0,102024.7,84.0,24.9348
2022-11-21 23:43:52,5.5,20221121234347_f4915319-3c8a-4da5-aa3c-b282b6c565b2,2022-11-21 23:43:51.452571+00:00,192.168.1.179,102667.5 MB,9.9,975.0,412.0,102028.25,84.0,24.9295
2022-11-21 23:43:57,5.2,20221121234352_2cf05538-a586-41f2-af2a-1ad2bb6ace9f,2022-11-21 23:43:56.263867+00:00,192.168.1.179,102667.5 MB,10.3,976.0,412.0,102025.97,84.0,24.9268
2022-11-21 23:42:30,5.0,20221121234226_a9ef0972-6efd-48f1-846b-db5b9d7d4b22,2022-11-21 23:42:29.936911+00:00,192.168.1.179,102667.5 MB,9.8,965.0,65535.0,102029.36,82.0,24.9188
2022-11-21 23:44:06,11.1,20221121234402_eac173e2-f9f1-469a-a68d-6b42d27f0305,2022-11-21 23:44:05.834708+00:00,192.168.1.179,102667.5 MB,9.9,977.0,65535.0,102025.27,84.0,24.9081
2022-11-21 23:35:48,10.8,20221121233543_64984a0e-9333-4c78-bacb-2a484e00a709,2022-11-21 23:35:47.138478+00:00,192.168.1.179,102667.6 MB,9.9,941.0,65535.0,102031.29,83.0,24.9055
2022-11-21 23:44:11,5.5,20221121234406_b21f7959-8833-4724-b385-e6a6756131da,2022-11-21 23:44:10.602977+00:00,192.168.1.179,102667.5 MB,9.9,977.0,65535.0,102024.42,84.0,24.8868
2022-11-21 23:44:16,5.3,20221121234411_39b3c838-ee29-48aa-964b-dd35f378ebc1,2022-11-21 23:44:15.413670+00:00,192.168.1.179,102667.5 MB,9.9,977.0,65535.0,102025.92,84.0,24.8708
2022-11-21 23:45:42,5.3,20221121234537_c5b79146-85a7-4396-b973-9db36ee47167,2022-11-21 23:45:41.736125+00:00,192.168.1.179,102667.5 MB,10.3,984.0,412.0,102022.17,84.0,24.8654
2022-11-21 23:51:32,8.8,20221121235128_c7598c8f-a558-4d23-bebc-0282140ab8e1,2022-11-21 23:51:31.747919+00:00,192.168.1.179,102667.5 MB,10.3,1005.0,65535.0,102016.12,85.0,24.8627
2022-11-21 23:45:33,4.8,20221121234528_433a8599-3237-4769-b698-5c91d598a208,2022-11-21 23:45:32.109893+00:00,192.168.1.179,102667.5 MB,9.9,981.0,412.0,102020.92,84.0,24.8627
2022-11-21 23:45:37,9.8,20221121234533_779440a0-49cf-41aa-a742-0c732d60954e,2022-11-21 23:45:36.903579+00:00,192.168.1.179,102667.5 MB,9.9,982.0,65535.0,102022.84,84.0,24.8601
2022-11-21 23:35:52,5.3,20221121233548_30c48902-9afb-4bd9-8804-7a5396f4172a,2022-11-21 23:35:51.911934+00:00,192.168.1.179,102667.6 MB,9.9,941.0,65535.0,102032.12,83.0,24.8547
2022-11-21 23:35:57,5.0,20221121233552_5664d696-3a07-41c6-a4a3-dcdfd631b593,2022-11-21 23:35:56.733380+00:00,192.168.1.179,102667.6 MB,9.9,941.0,411.0,102034.83,83.0,24.8547
2022-11-21 23:42:26,9.5,20221121234221_2b6c7c6d-879f-4c2d-8c3e-241f96ba2adf,2022-11-21 23:42:25.124383+00:00,192.168.1.179,102667.5 MB,9.8,966.0,65535.0,102026.81,83.0,24.8494
2022-11-21 23:45:28,4.8,20221121234523_0e11a00e-e431-41fe-b67e-8bf271453c51,2022-11-21 23:45:27.295494+00:00,192.168.1.179,102667.5 MB,9.9,981.0,65535.0,102023.68,84.0,24.8441
2022-11-21 23:45:47,5.5,20221121234542_d34a0f92-5c20-47f4-87b4-7778d224d6f6,2022-11-21 23:45:46.545933+00:00,192.168.1.179,102667.5 MB,9.9,983.0,409.0,102020.55,84.0,24.8387
2022-11-21 23:48:11,10.4,20221121234806_75c851b0-66b5-4d50-ad9a-c92a2d9a118a,2022-11-21 23:48:10.418791+00:00,192.168.1.179,102667.5 MB,9.9,998.0,65535.0,102018.57,85.0,24.836
2022-11-21 23:51:23,10.8,20221121235118_ae676d34-aa1f-4847-8f19-b76ed2cebfe2,2022-11-21 23:51:22.221586+00:00,192.168.1.179,102667.5 MB,9.9,1002.0,402.0,102011.43,85.0,24.836
2022-11-21 23:44:21,10.0,20221121234416_63c1696e-5a5c-40ee-a897-9483ccc09086,2022-11-21 23:44:20.226936+00:00,192.168.1.179,102667.5 MB,9.9,978.0,65535.0,102025.28,84.0,24.8334
2022-11-21 23:44:35,5.7,20221121234430_c7132d1e-2dfe-4e34-bf89-433d24bbda9c,2022-11-21 23:44:34.562894+00:00,192.168.1.179,102667.5 MB,9.9,977.0,65535.0,102024.52,84.0,24.8334
2022-11-21 23:44:26,5.7,20221121234421_6573f5d1-4c02-4bbb-8f6c-c6082c2c56b6,2022-11-21 23:44:25.038805+00:00,192.168.1.179,102667.5 MB,9.9,978.0,65535.0,102025.59,84.0,24.8254
2022-11-21 23:36:02,6.9,20221121233557_0745dbda-bfaf-49e2-8e6e-742aded54269,2022-11-21 23:36:01.525852+00:00,192.168.1.179,102667.6 MB,9.9,941.0,65535.0,102029.2,84.0,24.8227
2022-11-21 23:51:27,5.0,20221121235123_b862db64-c1c9-45c0-b02a-c3cdb88f3bdb,2022-11-21 23:51:26.933625+00:00,192.168.1.179,102667.5 MB,9.9,1005.0,65535.0,102013.17,85.0,24.8227
2022-11-21 23:45:52,4.8,20221121234547_a479d0ed-2655-4438-a71f-41517deff259,2022-11-21 23:45:51.272266+00:00,192.168.1.179,102667.5 MB,9.9,984.0,65535.0,102021.62,84.0,24.8174
2022-11-21 23:48:16,5.0,20221121234811_44f30b6e-65b0-4f26-9ed5-e08532503061,2022-11-21 23:48:15.139362+00:00,192.168.1.179,102667.5 MB,9.9,998.0,65535.0,102015.44,85.0,24.8174
2022-11-21 23:47:42,4.8,20221121234737_38a9baa4-2010-408b-ab64-8f3a0e43a181,2022-11-21 23:47:41.651968+00:00,192.168.1.179,102667.5 MB,9.9,999.0,406.0,102019.04,85.0,24.8093
2022-11-21 23:44:45,10.6,20221121234440_1d5b1ea9-59e9-4039-a82e-afd41a94947c,2022-11-21 23:44:44.190651+00:00,192.168.1.179,102667.5 MB,9.9,979.0,65535.0,102025.78,85.0,24.8093
2022-11-21 23:44:40,6.0,20221121234435_075e715c-2ba1-41be-b789-7350be888c0d,2022-11-21 23:44:39.374021+00:00,192.168.1.179,102667.5 MB,9.9,978.0,65535.0,102023.47,85.0,24.8093
2022-11-21 23:45:57,5.2,20221121234552_2a45606c-e835-4f99-b685-f9dd9cb81ffb,2022-11-21 23:45:56.072549+00:00,192.168.1.179,102667.5 MB,9.9,984.0,65535.0,102019.99,84.0,24.8067
2022-11-21 23:47:47,5.0,20221121234742_16d8f1b3-55ba-487a-aefa-cac7a42f789b,2022-11-21 23:47:46.359413+00:00,192.168.1.179,102667.5 MB,9.9,999.0,65535.0,102017.68,85.0,24.8067
2022-11-21 23:48:06,6.0,20221121234801_1253b16c-9938-407d-b900-c9e02227eb87,2022-11-21 23:48:05.602426+00:00,192.168.1.179,102667.5 MB,9.9,998.0,65535.0,102021.71,85.0,24.8067
2022-11-21 23:44:50,5.0,20221121234445_a87df8d2-7d2a-4c48-8f77-66af5086cea2,2022-11-21 23:44:49.001579+00:00,192.168.1.179,102667.5 MB,9.9,979.0,65535.0,102025.44,85.0,24.804
2022-11-21 23:44:30,3.8,20221121234426_616194d6-eb29-49e8-973c-9d8e4eb9a919,2022-11-21 23:44:29.754053+00:00,192.168.1.179,102667.5 MB,10.3,978.0,65535.0,102024.62,84.0,24.804
2022-11-21 23:47:28,5.0,20221121234723_91e9cd49-a05f-427c-9f26-8cd7e8d5b191,2022-11-21 23:47:27.212724+00:00,192.168.1.179,102667.5 MB,10.3,998.0,65535.0,102024.64,84.0,24.8013
2022-11-21 23:36:07,5.3,20221121233602_126d1d3a-d9dd-4af1-bdd7-0fb3d59aae80,2022-11-21 23:36:06.344378+00:00,192.168.1.179,102667.6 MB,9.9,942.0,65535.0,102031.95,83.0,24.796
2022-11-21 23:51:18,4.8,20221121235113_d0a3eb24-85a8-4683-a6d3-5cb5d499120a,2022-11-21 23:51:17.421351+00:00,192.168.1.179,102667.5 MB,9.9,1002.0,65535.0,102014.96,85.0,24.796
2022-11-21 23:48:01,7.8,20221121234757_d1633e73-f311-4dfe-8188-c50df6ad4b6a,2022-11-21 23:48:00.792363+00:00,192.168.1.179,102667.5 MB,10.3,999.0,65535.0,102018.56,85.0,24.7933
2022-11-21 23:45:23,10.8,20221121234518_89bd95b0-7e0f-45eb-aeb2-aa2a0540d98a,2022-11-21 23:45:22.589106+00:00,192.168.1.179,102667.5 MB,9.9,980.0,65535.0,102024.44,84.0,24.7906
2022-11-21 23:47:33,11.5,20221121234728_d17164ca-f493-4e29-9984-f4c275e8b44b,2022-11-21 23:47:32.026498+00:00,192.168.1.179,102667.5 MB,9.9,1000.0,415.0,102018.17,84.0,24.7906
2022-11-21 23:47:37,4.8,20221121234733_31517270-a689-48e3-910d-efb7ddec8ac4,2022-11-21 23:47:36.836713+00:00,192.168.1.179,102667.5 MB,9.9,1000.0,65535.0,102022.79,84.0,24.788
2022-11-21 23:48:20,5.0,20221121234816_9e8859a4-7add-42d1-ae68-3a06ab9e2406,2022-11-21 23:48:19.960362+00:00,192.168.1.179,102667.5 MB,9.9,998.0,65535.0,102016.16,85.0,24.788
2022-11-21 23:44:59,10.3,20221121234454_bbd9c5a6-e5a4-4e81-a17f-845638cf3baa,2022-11-21 23:44:58.554819+00:00,192.168.1.179,102667.5 MB,9.9,979.0,65535.0,102023.76,85.0,24.788
2022-11-21 23:47:57,9.8,20221121234752_33c6bd59-0668-4e8a-ad0f-ca989308ecb3,2022-11-21 23:47:55.981134+00:00,192.168.1.179,102667.5 MB,9.9,999.0,65535.0,102021.2,85.0,24.7826
2022-11-21 23:47:18,10.4,20221121234713_bdfdd3da-aa1b-4dc4-ae93-4636aa4aacdd,2022-11-21 23:47:17.637186+00:00,192.168.1.179,102667.5 MB,9.9,999.0,65535.0,102021.14,84.0,24.78
2022-11-21 23:45:18,5.0,20221121234513_0068d448-6684-41bd-9e89-68757d155df9,2022-11-21 23:45:17.769004+00:00,192.168.1.179,102667.5 MB,9.9,982.0,65535.0,102022.85,84.0,24.78
2022-11-21 23:47:23,5.0,20221121234718_2e29c203-a459-44c1-bb66-df809b5e1ba3,2022-11-21 23:47:22.394814+00:00,192.168.1.179,102667.5 MB,9.9,999.0,65535.0,102022.72,84.0,24.78
2022-11-21 23:46:01,10.6,20221121234557_70668f69-e10a-470e-81a3-65448c029c05,2022-11-21 23:46:00.884667+00:00,192.168.1.179,102667.5 MB,9.9,984.0,65535.0,102023.54,84.0,24.7773
2022-11-21 23:46:06,5.7,20221121234601_7985cbb4-9657-4741-8082-dafbfe12c726,2022-11-21 23:46:05.726311+00:00,192.168.1.179,102667.5 MB,9.9,984.0,65535.0,102021.13,84.0,24.7773
2022-11-21 23:47:52,5.0,20221121234747_e5b0e581-0a09-43a8-888b-3df3da8644ec,2022-11-21 23:47:51.170738+00:00,192.168.1.179,102667.5 MB,9.9,999.0,410.0,102018.27,85.0,24.7773
2022-11-21 23:48:25,5.5,20221121234821_edf6afbd-0b44-4739-955f-5e20bfe1bc18,2022-11-21 23:48:24.762964+00:00,192.168.1.179,102667.5 MB,9.9,999.0,65535.0,102015.85,85.0,24.7746
2022-11-21 23:51:13,4.8,20221121235108_c47e82ee-f837-4fd2-b02b-13957df9b9d4,2022-11-21 23:51:12.600523+00:00,192.168.1.179,102667.5 MB,9.9,1001.0,65535.0,102014.7,85.0,24.772
2022-11-21 23:41:18,5.7,20221121234114_97a84414-f9df-4178-8b20-5c5cf3cf229d,2022-11-21 23:41:17.953365+00:00,192.168.1.179,102667.5 MB,9.9,965.0,65535.0,102028.86,83.0,24.772
2022-11-21 23:46:11,5.3,20221121234606_27d0f126-aca4-440e-8cac-10da8bf13255,2022-11-21 23:46:10.454552+00:00,192.168.1.179,102667.5 MB,9.9,986.0,65535.0,102021.85,84.0,24.7693
2022-11-21 23:45:04,5.5,20221121234459_c54756d1-f60d-4638-9ecf-5557176a17e8,2022-11-21 23:45:03.339662+00:00,192.168.1.179,102667.5 MB,9.9,980.0,65535.0,102024.36,85.0,24.7693
2022-11-21 23:41:04,5.0,20221121234059_499f0b6e-09e4-4587-9715-2ce067b17b4b,2022-11-21 23:41:03.611028+00:00,192.168.1.179,102667.5 MB,9.9,964.0,65535.0,102030.6,83.0,24.7693
2022-11-21 23:51:08,9.0,20221121235104_cd27b590-5221-4b46-81a0-83e360a043d1,2022-11-21 23:51:07.787324+00:00,192.168.1.179,102667.5 MB,9.9,1002.0,65535.0,102013.0,85.0,24.7666
2022-11-21 23:45:09,5.5,20221121234504_e533f4a0-1935-4638-a4c9-7d050222ff08,2022-11-21 23:45:08.148799+00:00,192.168.1.179,102667.5 MB,10.3,981.0,65535.0,102021.06,85.0,24.7666
2022-11-21 23:36:12,5.3,20221121233607_0368ea1b-97b6-49d3-8c65-9e4148cab685,2022-11-21 23:36:11.156066+00:00,192.168.1.179,102667.6 MB,9.9,942.0,65535.0,102032.84,83.0,24.7666
2022-11-21 23:40:55,10.8,20221121234050_a28358be-1d65-40ed-a62c-e42b5fe28183,2022-11-21 23:40:53.988612+00:00,192.168.1.179,102667.5 MB,9.8,964.0,65535.0,102032.22,83.0,24.7639
2022-11-21 23:50:59,5.3,20221121235054_b2d68cbf-389f-4942-beb9-d0e2dad5aaf9,2022-11-21 23:50:58.161677+00:00,192.168.1.179,102667.5 MB,10.3,1001.0,65535.0,102015.43,85.0,24.7639
2022-11-21 23:44:54,4.8,20221121234450_45d9f240-9af2-43a9-8894-df172a760557,2022-11-21 23:44:53.745817+00:00,192.168.1.179,102667.5 MB,9.9,979.0,65535.0,102024.44,85.0,24.7639
2022-11-21 23:46:30,4.8,20221121234625_35dedc8b-d962-4c4f-aaf1-552df7f94f02,2022-11-21 23:46:29.695386+00:00,192.168.1.179,102667.5 MB,9.9,988.0,65535.0,102021.21,84.0,24.7639
2022-11-21 23:41:09,8.2,20221121234104_3eff67a9-a762-434a-969f-1a0d7fabf774,2022-11-21 23:41:08.423275+00:00,192.168.1.179,102667.5 MB,9.9,964.0,413.0,102030.5,83.0,24.7639
2022-11-21 23:45:13,5.0,20221121234509_6a7257f7-ddce-4150-97f8-6a5243b7efd3,2022-11-21 23:45:12.957891+00:00,192.168.1.179,102667.5 MB,9.9,982.0,422.0,102024.65,84.0,24.7639
2022-11-21 23:51:04,5.7,20221121235059_b39156fe-b095-4b46-b255-313b04ae79a3,2022-11-21 23:51:02.976649+00:00,192.168.1.179,102667.5 MB,9.9,1001.0,65535.0,102013.38,85.0,24.7613
2022-11-21 23:46:16,10.1,20221121234611_f21613c8-0551-4815-b4d3-d7fcaefc0f50,2022-11-21 23:46:15.270365+00:00,192.168.1.179,102667.5 MB,10.4,987.0,65535.0,102019.19,84.0,24.7613
2022-11-21 23:47:13,5.0,20221121234709_3eddf197-5eae-4660-b703-bdac82c30fc0,2022-11-21 23:47:12.821470+00:00,192.168.1.179,102667.5 MB,9.9,998.0,65535.0,102020.55,84.0,24.7586
2022-11-21 23:41:14,5.0,20221121234109_8c77074a-b2a3-4d39-a75e-9433d24161a8,2022-11-21 23:41:13.237416+00:00,192.168.1.179,102667.5 MB,9.9,964.0,65535.0,102030.55,83.0,24.7506
2022-11-21 23:50:54,5.0,20221121235049_6439ab0e-fa41-4324-9b94-d862f6722309,2022-11-21 23:50:53.451339+00:00,192.168.1.179,102667.5 MB,9.9,1002.0,410.0,102015.83,85.0,24.7506
2022-11-21 23:42:21,6.0,20221121234216_1b7c539a-4fca-4130-ba4c-c38df217c694,2022-11-21 23:42:20.315868+00:00,192.168.1.179,102667.5 MB,9.8,966.0,65535.0,102029.37,83.0,24.7506
2022-11-21 23:40:59,5.7,20221121234055_057bc11c-d702-4de1-a578-96bebbb88b88,2022-11-21 23:40:58.805648+00:00,192.168.1.179,102667.5 MB,10.3,965.0,65535.0,102031.14,83.0,24.7479
2022-11-21 23:36:16,8.0,20221121233612_dd7fb496-5b42-41d2-8433-5b80184c0645,2022-11-21 23:36:15.887258+00:00,192.168.1.179,102667.6 MB,10.3,942.0,65535.0,102030.39,83.0,24.7453
2022-11-21 23:46:21,5.5,20221121234616_ccd4acd3-a45f-423d-a1d7-8cbe6e5ac8b1,2022-11-21 23:46:20.087275+00:00,192.168.1.179,102667.5 MB,9.9,988.0,417.0,102022.66,84.0,24.7453
2022-11-21 23:48:30,5.3,20221121234825_1ee749f0-467e-4558-9385-bded3c180caa,2022-11-21 23:48:29.551534+00:00,192.168.1.179,102667.5 MB,9.9,999.0,65535.0,102017.21,85.0,24.7426
2022-11-21 23:40:50,5.8,20221121234045_3f233412-1214-4518-a950-32b5f1b1ec42,2022-11-21 23:40:49.273177+00:00,192.168.1.179,102667.5 MB,9.8,964.0,65535.0,102033.85,83.0,24.7426
2022-11-21 23:48:35,9.8,20221121234830_0cc87b57-4051-44d2-a9b7-14e12a7621eb,2022-11-21 23:48:34.390225+00:00,192.168.1.179,102667.5 MB,9.9,998.0,65535.0,102015.31,85.0,24.7426
2022-11-21 23:41:23,5.7,20221121234118_83eef568-8073-4a90-afa4-03000f469cc3,2022-11-21 23:41:22.766630+00:00,192.168.1.179,102667.5 MB,9.9,965.0,65535.0,102031.6,83.0,24.7426
2022-11-21 23:46:35,4.5,20221121234630_e7a1168d-9aab-45e0-b177-6f2b0e4b99a6,2022-11-21 23:46:34.511922+00:00,192.168.1.179,102667.5 MB,9.9,988.0,65535.0,102020.81,84.0,24.7399
2022-11-21 23:46:25,4.5,20221121234621_ef0570a6-08ab-4271-853d-b6940912c1a5,2022-11-21 23:46:24.851987+00:00,192.168.1.179,102667.5 MB,9.9,988.0,65535.0,102025.24,84.0,24.7399
2022-11-21 23:41:28,6.0,20221121234123_e8ff9584-67be-41de-bd96-722808d9045f,2022-11-21 23:41:27.566155+00:00,192.168.1.179,102667.5 MB,9.9,965.0,65535.0,102031.08,83.0,24.7399
2022-11-21 23:50:49,5.5,20221121235044_8868faba-4d71-4048-9e9a-894ea8f3b748,2022-11-21 23:50:48.649189+00:00,192.168.1.179,102667.5 MB,9.9,1003.0,65535.0,102017.35,85.0,24.7399
2022-11-21 23:46:54,11.1,20221121234649_67519310-675c-44dc-99a9-4d4e6802be63,2022-11-21 23:46:53.629677+00:00,192.168.1.179,102667.5 MB,10.3,999.0,65535.0,102018.12,84.0,24.7372
2022-11-21 23:47:09,4.7,20221121234704_6d3d492e-15fd-47f9-b060-9d06d41df56b,2022-11-21 23:47:08.064750+00:00,192.168.1.179,102667.5 MB,9.9,998.0,65535.0,102018.46,84.0,24.7346
2022-11-21 23:46:45,5.5,20221121234640_bb8c25c5-5266-405e-96de-caf3075d1a44,2022-11-21 23:46:44.040014+00:00,192.168.1.179,102667.5 MB,9.9,989.0,65535.0,102021.3,84.0,24.7346
2022-11-21 23:50:44,11.1,20221121235040_34786c78-5428-4c54-861e-1bd27681b57e,2022-11-21 23:50:43.837577+00:00,192.168.1.179,102667.5 MB,9.9,1002.0,411.0,102015.2,85.0,24.7319
2022-11-21 23:41:33,14.2,20221121234128_eadc6386-6de1-497e-bb4d-aa7b04edf65e,2022-11-21 23:41:32.385141+00:00,192.168.1.179,102667.5 MB,10.3,965.0,65535.0,102029.4,83.0,24.7292
2022-11-21 23:50:40,5.7,20221121235035_a8595977-927b-4582-ac3e-486547d4845d,2022-11-21 23:50:39.005523+00:00,192.168.1.179,102667.5 MB,9.8,1001.0,65535.0,102014.2,85.0,24.7266
2022-11-21 23:49:52,9.8,20221121234947_46aa7e05-5926-421b-8da1-62b2ff9716f2,2022-11-21 23:49:51.083488+00:00,192.168.1.179,102667.5 MB,9.9,1003.0,65535.0,102014.77,85.0,24.7266
2022-11-21 23:46:40,10.4,20221121234635_f9db6c7e-fd2f-4b1c-8126-64cbc86ecf19,2022-11-21 23:46:39.226276+00:00,192.168.1.179,102667.5 MB,9.9,989.0,65535.0,102023.08,84.0,24.7212
2022-11-21 23:48:40,5.3,20221121234835_fa83d01f-95a8-4301-b413-668ce09f5ecc,2022-11-21 23:48:39.105171+00:00,192.168.1.179,102667.5 MB,10.3,998.0,65535.0,102017.41,85.0,24.7212
2022-11-21 23:41:38,5.2,20221121234133_fd37c412-c339-4dad-823a-13811b09600b,2022-11-21 23:41:37.197033+00:00,192.168.1.179,102667.5 MB,10.3,965.0,65535.0,102032.88,83.0,24.7186
2022-11-21 23:42:16,5.5,20221121234211_de8aed92-68f7-4eca-8b37-76cbbcb6f346,2022-11-21 23:42:15.504447+00:00,192.168.1.179,102667.5 MB,9.8,966.0,65535.0,102031.7,83.0,24.7159
2022-11-21 23:49:42,4.8,20221121234937_e927c8cf-8117-40f8-986e-7a87845387ad,2022-11-21 23:49:41.459524+00:00,192.168.1.179,102667.5 MB,9.9,1000.0,65535.0,102016.71,85.0,24.7159
2022-11-21 23:46:49,5.5,20221121234645_011d89db-42cd-4906-a8ca-0bc151473b08,2022-11-21 23:46:48.852119+00:00,192.168.1.179,102667.5 MB,9.9,992.0,65535.0,102019.16,84.0,24.7159
2022-11-21 23:40:45,5.0,20221121234040_c1502db0-eddb-4d0e-ae26-c10150b44b5c,2022-11-21 23:40:44.464034+00:00,192.168.1.179,102667.5 MB,9.8,965.0,65535.0,102032.84,83.0,24.7132
2022-11-21 23:49:47,8.3,20221121234942_8e3288e5-113b-4e01-8087-6843f86630c1,2022-11-21 23:49:46.275655+00:00,192.168.1.179,102667.5 MB,10.3,1001.0,65535.0,102012.12,85.0,24.7132
2022-11-21 23:49:56,5.5,20221121234952_a4c7dcde-fc8d-43b1-b980-00e0ec68c0da,2022-11-21 23:49:55.893436+00:00,192.168.1.179,102667.5 MB,9.9,1003.0,65535.0,102012.92,85.0,24.7132
2022-11-21 23:50:06,10.6,20221121235001_4e22ac0d-5e44-447f-ba97-547f0c3c089e,2022-11-21 23:50:05.430243+00:00,192.168.1.179,102667.5 MB,9.9,1002.0,65535.0,102011.49,85.0,24.7105
2022-11-21 23:47:04,5.2,20221121234659_e87f3e9b-0626-4122-a4e6-379bfc60d354,2022-11-21 23:47:03.249753+00:00,192.168.1.179,102667.5 MB,9.9,998.0,65535.0,102019.25,84.0,24.7105
2022-11-21 23:50:01,5.5,20221121234957_efc8b01f-2a85-4346-b31e-533c3715915e,2022-11-21 23:50:00.714692+00:00,192.168.1.179,102667.5 MB,9.9,1003.0,406.0,102016.11,85.0,24.7105
2022-11-21 23:50:35,5.3,20221121235030_53da301a-e84a-4208-a3db-95f730c59625,2022-11-21 23:50:34.192841+00:00,192.168.1.179,102667.5 MB,9.8,1002.0,65535.0,102013.92,85.0,24.7105
2022-11-21 23:41:43,5.2,20221121234138_0e9c87de-c835-4613-8a66-63304eae661a,2022-11-21 23:41:42.015855+00:00,192.168.1.179,102667.5 MB,9.9,965.0,65535.0,102032.95,83.0,24.7052
2022-11-21 23:46:59,5.0,20221121234654_db41e143-4dd3-401d-80e7-fb5428acd577,2022-11-21 23:46:58.438898+00:00,192.168.1.179,102667.5 MB,9.9,998.0,65535.0,102020.07,84.0,24.7052
2022-11-21 23:50:11,5.0,20221121235006_50628ba8-63dc-41f2-be64-3bf6d625a695,2022-11-21 23:50:10.243476+00:00,192.168.1.179,102667.5 MB,9.9,1003.0,65535.0,102014.1,85.0,24.6945
2022-11-21 23:50:30,9.0,20221121235025_f3d8c402-58c2-4b8c-925e-d9039319f1c1,2022-11-21 23:50:29.389952+00:00,192.168.1.179,102667.5 MB,9.8,1003.0,65535.0,102018.66,85.0,24.6945
2022-11-21 23:49:37,4.8,20221121234932_96a9c767-4629-4b06-a512-e9e811bc0208,2022-11-21 23:49:36.645169+00:00,192.168.1.179,102667.5 MB,9.9,1000.0,65535.0,102017.61,85.0,24.6918
2022-11-21 23:36:26,9.8,20221121233621_5b558c56-66a8-49b8-95ab-9d051ff55f62,2022-11-21 23:36:25.489063+00:00,192.168.1.179,102667.6 MB,9.9,940.0,65535.0,102030.76,84.0,24.6918
2022-11-21 23:50:16,5.5,20221121235011_cf3e8e1c-e439-4a89-99d3-c367d1b93856,2022-11-21 23:50:15.062184+00:00,192.168.1.179,102667.5 MB,9.9,1003.0,403.0,102014.13,85.0,24.6892
2022-11-21 23:36:21,5.8,20221121233616_43bf3899-ec8c-40fd-9306-6aa422480bf2,2022-11-21 23:36:20.718153+00:00,192.168.1.179,102667.6 MB,9.9,941.0,65535.0,102029.41,83.0,24.6892
2022-11-21 23:50:20,6.0,20221121235016_a77071ef-0e69-41bd-afe3-828a8e687c71,2022-11-21 23:50:19.871652+00:00,192.168.1.179,102667.5 MB,9.9,1003.0,65535.0,102015.4,85.0,24.6865
2022-11-21 23:48:44,5.3,20221121234840_b6d7fab1-ed13-4eb6-872b-00f29756a6aa,2022-11-21 23:48:43.921082+00:00,192.168.1.179,102667.5 MB,9.9,997.0,65535.0,102017.34,85.0,24.6865
2022-11-21 23:49:32,5.8,20221121234928_acb7d98e-7da7-4cea-b2ca-40910630c8bc,2022-11-21 23:49:31.934556+00:00,192.168.1.179,102667.5 MB,9.9,1000.0,400.0,102016.4,85.0,24.6812
2022-11-21 23:41:47,9.0,20221121234143_be2cc7d4-f242-4c12-96a1-319f1843eb22,2022-11-21 23:41:46.724743+00:00,192.168.1.179,102667.5 MB,9.9,964.0,65535.0,102030.0,83.0,24.6812
2022-11-21 23:50:25,5.5,20221121235020_741fb93c-dcef-425e-bb37-a149fee914f6,2022-11-21 23:50:24.681741+00:00,192.168.1.179,102667.5 MB,10.3,1002.0,65535.0,102015.03,85.0,24.6785
2022-11-21 23:49:28,10.6,20221121234923_3ec379eb-b539-4c23-a9b1-77c6e8896c8d,2022-11-21 23:49:27.122605+00:00,192.168.1.179,102667.5 MB,9.9,998.0,65535.0,102019.68,85.0,24.6758
2022-11-21 23:48:49,10.9,20221121234844_ad9c0ae1-0f4f-416b-8b31-45ff36743b8e,2022-11-21 23:48:48.735907+00:00,192.168.1.179,102667.5 MB,9.9,997.0,65535.0,102017.7,85.0,24.6732
2022-11-21 23:48:54,6.0,20221121234849_74dc7f88-1f03-4ff2-baec-ba2f0ea3c0a4,2022-11-21 23:48:53.542951+00:00,192.168.1.179,102667.5 MB,9.9,997.0,65535.0,102019.61,85.0,24.6678
2022-11-21 23:36:31,5.5,20221121233626_67bb595d-f95c-47b7-8407-9a4263501147,2022-11-21 23:36:30.302773+00:00,192.168.1.179,102667.6 MB,9.9,941.0,65535.0,102034.63,83.0,24.6651
2022-11-21 23:41:52,5.0,20221121234147_bc1790e8-066e-47be-8eab-f06e27d80b20,2022-11-21 23:41:51.541158+00:00,192.168.1.179,102667.5 MB,9.9,963.0,65535.0,102028.15,83.0,24.6625
2022-11-21 23:49:23,4.8,20221121234918_9b32936c-ff6e-4a55-9450-15b3c2a2bab9,2022-11-21 23:49:22.303221+00:00,192.168.1.179,102667.5 MB,9.8,998.0,400.0,102018.38,85.0,24.6625
2022-11-21 23:40:40,5.0,20221121234035_2c9945c9-83aa-43e2-bf01-97c705c3c379,2022-11-21 23:40:39.653784+00:00,192.168.1.179,102667.5 MB,9.8,965.0,65535.0,102034.85,83.0,24.6625
2022-11-21 23:42:11,10.6,20221121234207_264d1876-740a-46c9-94c0-a1ca4bef9953,2022-11-21 23:42:10.787839+00:00,192.168.1.179,102667.5 MB,10.3,965.0,65535.0,102029.14,83.0,24.6571
2022-11-21 23:49:04,5.7,20221121234859_bd477f90-20db-4509-a49c-d170790311ab,2022-11-21 23:49:03.161774+00:00,192.168.1.179,102667.5 MB,9.9,997.0,404.0,102017.15,85.0,24.6571
2022-11-21 23:49:13,10.0,20221121234908_d624ef6f-87d2-499c-b135-c432d9b99e9e,2022-11-21 23:49:12.699061+00:00,192.168.1.179,102667.5 MB,10.3,999.0,65535.0,102017.68,85.0,24.6491
2022-11-21 23:39:57,5.0,20221121233952_6320c0f4-b1e9-48a1-b426-d7f1a8d79def,2022-11-21 23:39:56.532451+00:00,192.168.1.179,102667.5 MB,9.9,953.0,421.0,102029.84,83.0,24.6438
2022-11-21 23:41:57,4.8,20221121234152_db0e5318-8b9b-4eb5-8772-6eeffd5dfc65,2022-11-21 23:41:56.322215+00:00,192.168.1.179,102667.5 MB,9.9,964.0,65535.0,102028.14,83.0,24.6438
2022-11-21 23:49:18,5.7,20221121234913_dd06136a-507b-482d-9a73-bbcc9e9013b7,2022-11-21 23:49:17.508871+00:00,192.168.1.179,102667.5 MB,9.8,999.0,412.0,102018.76,85.0,24.6384
2022-11-21 23:36:36,6.0,20221121233631_1579aa0d-bac9-4514-97f8-41dfad5646c5,2022-11-21 23:36:35.114507+00:00,192.168.1.179,102667.6 MB,9.9,940.0,65535.0,102031.38,83.0,24.6384
2022-11-21 23:40:07,4.8,20221121234002_2c0cda18-c1b2-4c53-81e0-28a18601127d,2022-11-21 23:40:06.066784+00:00,192.168.1.179,102667.5 MB,9.9,954.0,65535.0,102032.17,83.0,24.6358
2022-11-21 23:40:35,4.8,20221121234031_32890a2e-8969-430f-89f6-f6a33d0a83ba,2022-11-21 23:40:34.843609+00:00,192.168.1.179,102667.5 MB,9.8,966.0,65535.0,102035.44,83.0,24.6358
2022-11-21 23:36:40,8.4,20221121233636_d61f57cd-101a-4a40-8f6f-401306b6e912,2022-11-21 23:36:39.924229+00:00,192.168.1.179,102667.6 MB,9.9,940.0,401.0,102032.36,84.0,24.6331
2022-11-21 23:40:02,4.8,20221121233957_d68cc643-7fa5-4dac-ac46-012ddc62e5b6,2022-11-21 23:40:01.252743+00:00,192.168.1.179,102667.5 MB,9.9,952.0,412.0,102031.97,83.0,24.6331
2022-11-21 23:42:02,5.3,20221121234157_0e8fe4c8-8eee-4790-acfd-6704263c9dd7,2022-11-21 23:42:01.159082+00:00,192.168.1.179,102667.5 MB,9.9,964.0,65535.0,102030.89,83.0,24.6304
2022-11-21 23:48:59,5.5,20221121234854_0358e94f-3e61-486c-9493-a875e657d9c2,2022-11-21 23:48:58.353584+00:00,192.168.1.179,102667.5 MB,9.9,997.0,65535.0,102014.93,85.0,24.6304
2022-11-21 23:40:26,5.2,20221121234021_45a36c56-e6b4-43a8-89de-d53f065a787e,2022-11-21 23:40:25.212169+00:00,192.168.1.179,102667.5 MB,10.2,956.0,65535.0,102029.92,83.0,24.6304
2022-11-21 23:42:07,4.8,20221121234202_aeb47074-a7da-4bee-a79b-0aa4bdc777bc,2022-11-21 23:42:05.974484+00:00,192.168.1.179,102667.5 MB,9.9,964.0,65535.0,102030.42,83.0,24.6304
2022-11-21 23:40:11,5.3,20221121234007_39921605-a46c-4c81-b452-c944ea7c9774,2022-11-21 23:40:10.840672+00:00,192.168.1.179,102667.5 MB,9.9,955.0,65535.0,102033.84,83.0,24.6224
2022-11-21 23:40:16,11.1,20221121234011_d0d326e9-ab63-4f3c-b25d-aac18934a162,2022-11-21 23:40:15.683764+00:00,192.168.1.179,102667.5 MB,9.9,955.0,65535.0,102034.31,83.0,24.6198
2022-11-21 23:49:08,5.2,20221121234904_a4a82795-399e-4181-bda9-9fa16ab82b12,2022-11-21 23:49:07.876974+00:00,192.168.1.179,102667.5 MB,9.9,998.0,65535.0,102013.15,85.0,24.6144
2022-11-21 23:40:21,5.3,20221121234016_74573857-0a55-448d-968f-40385fbdedc7,2022-11-21 23:40:20.504086+00:00,192.168.1.179,102667.5 MB,9.8,956.0,410.0,102030.76,83.0,24.6117
2022-11-21 23:36:45,4.8,20221121233640_b9994d97-c673-4170-8687-e254c9575230,2022-11-21 23:36:44.633074+00:00,192.168.1.179,102667.6 MB,9.9,940.0,65535.0,102030.88,83.0,24.6064
2022-11-21 23:40:31,8.2,20221121234026_0714a2ed-78aa-4aa5-8bca-6ffe0d556780,2022-11-21 23:40:30.031043+00:00,192.168.1.179,102667.5 MB,9.8,960.0,406.0,102032.88,83.0,24.6037
2022-11-21 23:36:50,5.3,20221121233645_7ba24593-f9c1-45b3-af9c-aa19e4cf7c0f,2022-11-21 23:36:49.450499+00:00,192.168.1.179,102667.6 MB,9.9,942.0,65535.0,102030.67,83.0,24.5904
2022-11-21 23:37:00,6.2,20221121233655_358fdb89-090f-43ed-a34f-c35238a3a049,2022-11-21 23:36:59.076536+00:00,192.168.1.179,102667.6 MB,9.9,945.0,65535.0,102031.2,83.0,24.585
2022-11-21 23:39:52,8.4,20221121233948_51d41093-1ef1-4b7c-b6cf-0658ba3ce7b0,2022-11-21 23:39:51.722396+00:00,192.168.1.179,102667.5 MB,9.9,952.0,65535.0,102031.94,83.0,24.5797
2022-11-21 23:36:55,5.2,20221121233650_aec3a325-102e-4766-bee8-835414518323,2022-11-21 23:36:54.264648+00:00,192.168.1.179,102667.6 MB,10.3,946.0,65535.0,102030.58,83.0,24.5744
2022-11-21 23:39:47,10.0,20221121233943_e3ec6162-cd89-4dab-abfc-25b0bb053533,2022-11-21 23:39:46.910932+00:00,192.168.1.179,102667.6 MB,10.3,951.0,65535.0,102032.26,83.0,24.5717
2022-11-21 23:37:04,10.6,20221121233700_d7cee5d9-9c10-4fa9-9c81-8f8362fd9991,2022-11-21 23:37:03.892735+00:00,192.168.1.179,102667.6 MB,9.9,946.0,403.0,102030.97,83.0,24.545
2022-11-21 23:37:09,4.8,20221121233704_ea720434-c9eb-4c2d-93c1-c5b42acf91b6,2022-11-21 23:37:08.606315+00:00,192.168.1.179,102667.6 MB,9.9,947.0,65535.0,102033.28,83.0,24.537
2022-11-21 23:37:48,5.0,20221121233743_8c494a09-2eb0-47fb-9f1c-5f023f98abc1,2022-11-21 23:37:46.997426+00:00,192.168.1.179,102667.6 MB,9.8,945.0,65535.0,102031.79,83.0,24.5316
2022-11-21 23:37:33,5.5,20221121233728_eac8e0d3-5bfa-4a41-a48e-99e008045bf9,2022-11-21 23:37:32.663730+00:00,192.168.1.179,102667.6 MB,9.8,945.0,406.0,102037.13,83.0,24.5156
2022-11-21 23:37:52,6.0,20221121233748_f72c9677-3bb8-4fe3-984e-d132f9c51766,2022-11-21 23:37:51.837731+00:00,192.168.1.179,102667.6 MB,9.8,946.0,65535.0,102029.8,83.0,24.5156
2022-11-21 23:37:14,4.8,20221121233709_784d61a9-e887-46bf-8484-c92e9a996772,2022-11-21 23:37:13.428176+00:00,192.168.1.179,102667.6 MB,9.9,946.0,65535.0,102033.6,83.0,24.5129
2022-11-21 23:37:19,7.8,20221121233714_07c9206e-2890-4569-8008-f693197865fd,2022-11-21 23:37:18.238666+00:00,192.168.1.179,102667.6 MB,9.9,945.0,65535.0,102033.65,83.0,24.5103
2022-11-21 23:37:24,5.3,20221121233719_e0a3e0c8-87cd-45ed-9ea5-fd34ff342986,2022-11-21 23:37:23.050276+00:00,192.168.1.179,102667.6 MB,9.9,945.0,65535.0,102036.08,83.0,24.5076
2022-11-21 23:39:43,5.5,20221121233938_8f5a1b6d-e8cb-4b27-93cc-a63a2893c693,2022-11-21 23:39:42.099141+00:00,192.168.1.179,102667.6 MB,9.8,951.0,65535.0,102031.25,83.0,24.5049
2022-11-21 23:37:28,4.8,20221121233724_ae0e3f0d-a1ac-442a-ac1f-839a120d515c,2022-11-21 23:37:27.861005+00:00,192.168.1.179,102667.6 MB,10.3,945.0,65535.0,102037.11,83.0,24.5049
2022-11-21 23:37:43,9.8,20221121233738_a40883b1-11f9-4020-aded-0ed4ac891c14,2022-11-21 23:37:42.189791+00:00,192.168.1.179,102667.6 MB,9.9,945.0,65535.0,102031.61,83.0,24.5049
2022-11-21 23:37:38,5.5,20221121233733_78340cfc-3475-4b44-9235-867ad54b65e9,2022-11-21 23:37:37.376347+00:00,192.168.1.179,102667.6 MB,9.8,945.0,400.0,102034.04,83.0,24.5049
2022-11-21 23:38:16,5.3,20221121233812_b05631c1-c2df-46af-8c85-a271feae4bbe,2022-11-21 23:38:15.782409+00:00,192.168.1.179,102667.6 MB,9.9,949.0,65535.0,102033.95,83.0,24.5023
2022-11-21 23:38:12,6.0,20221121233807_aa15258b-5641-4691-9925-a0d2f1010922,2022-11-21 23:38:10.967205+00:00,192.168.1.179,102667.6 MB,9.9,948.0,65535.0,102035.58,83.0,24.5023
2022-11-21 23:38:02,8.5,20221121233757_8698f739-b29b-4642-ad65-f63542991ea3,2022-11-21 23:38:01.360196+00:00,192.168.1.179,102667.6 MB,10.3,948.0,65535.0,102030.68,83.0,24.5023
2022-11-21 23:39:33,5.0,20221121233928_f62c12b8-25f6-408f-a426-79b9e1493ac2,2022-11-21 23:39:32.553453+00:00,192.168.1.179,102667.6 MB,9.8,951.0,65535.0,102032.97,83.0,24.4969
2022-11-21 23:38:07,6.5,20221121233802_fdda3d3c-9268-4f4f-bce9-c40cddb5d2f5,2022-11-21 23:38:06.147411+00:00,192.168.1.179,102667.6 MB,9.9,948.0,404.0,102032.37,83.0,24.4969
2022-11-21 23:39:38,11.1,20221121233933_58fac018-6d33-4fe4-b10f-71f635e488fb,2022-11-21 23:39:37.287878+00:00,192.168.1.179,102667.6 MB,9.8,951.0,65535.0,102032.64,83.0,24.4889
2022-11-21 23:37:57,7.1,20221121233752_3982bfcc-98d6-44c0-9721-091ed4ecbdb1,2022-11-21 23:37:56.652216+00:00,192.168.1.179,102667.6 MB,9.8,948.0,402.0,102033.2,83.0,24.4889
2022-11-21 23:39:28,5.3,20221121233923_9a6c09c1-ada1-4b8e-b9df-f7708df3d165,2022-11-21 23:39:27.742032+00:00,192.168.1.179,102667.6 MB,9.8,951.0,414.0,102031.83,83.0,24.4862
2022-11-21 23:39:23,5.2,20221121233919_afc8376b-531a-446b-b03a-3ce17048ce2c,2022-11-21 23:39:22.872106+00:00,192.168.1.179,102667.6 MB,9.8,950.0,414.0,102031.75,83.0,24.4702
2022-11-21 23:39:04,5.0,20221121233900_68f65204-866c-4f2d-a35b-038867b0f539,2022-11-21 23:39:03.694871+00:00,192.168.1.179,102667.6 MB,9.8,950.0,65535.0,102031.68,83.0,24.4622
2022-11-21 23:38:21,11.1,20221121233816_9078133e-5e21-4508-aafa-d0212aeeb490,2022-11-21 23:38:20.596420+00:00,192.168.1.179,102667.6 MB,9.9,948.0,65535.0,102034.46,83.0,24.4622
2022-11-21 23:39:14,8.4,20221121233909_b489a483-cf6c-40fe-983c-b7c5b5e62b28,2022-11-21 23:39:13.345145+00:00,192.168.1.179,102667.6 MB,10.3,949.0,410.0,102030.29,83.0,24.4595
2022-11-21 23:38:31,5.0,20221121233826_fae1ce8f-330e-4047-9012-195279a15568,2022-11-21 23:38:30.215132+00:00,192.168.1.179,102667.6 MB,9.9,949.0,65535.0,102033.06,83.0,24.4595
2022-11-21 23:39:19,5.2,20221121233914_b70f95d9-7ca8-473b-8f00-db59b524b807,2022-11-21 23:39:18.160021+00:00,192.168.1.179,102667.6 MB,9.8,950.0,65535.0,102030.92,83.0,24.4542
2022-11-21 23:38:26,5.3,20221121233821_c0b4ad3f-4f9d-407e-814d-d7eba12dda1b,2022-11-21 23:38:25.402602+00:00,192.168.1.179,102667.6 MB,9.9,949.0,407.0,102034.49,83.0,24.4489
2022-11-21 23:39:09,5.2,20221121233904_e4473a77-e825-4f04-baa0-ea0b452c59e0,2022-11-21 23:39:08.505902+00:00,192.168.1.179,102667.6 MB,9.8,950.0,65535.0,102028.7,83.0,24.4462
2022-11-21 23:38:40,5.2,20221121233835_53d5c30b-b31f-428f-9f95-3df1e2a98993,2022-11-21 23:38:39.744269+00:00,192.168.1.179,102667.6 MB,10.2,949.0,65535.0,102034.0,83.0,24.4435
2022-11-21 23:38:45,5.0,20221121233840_80033ff3-7403-4f26-873d-f34851601263,2022-11-21 23:38:44.558004+00:00,192.168.1.179,102667.6 MB,9.8,949.0,65535.0,102034.01,83.0,24.4382
2022-11-21 23:38:55,5.3,20221121233850_e5bf45b3-49cb-4bdf-a418-60d9aeb856c4,2022-11-21 23:38:54.175581+00:00,192.168.1.179,102667.6 MB,9.8,950.0,65535.0,102033.36,83.0,24.4355
2022-11-21 23:38:50,5.7,20221121233845_31d244af-a8f0-48f3-8640-57d7afba241f,2022-11-21 23:38:49.372027+00:00,192.168.1.179,102667.6 MB,9.8,949.0,410.0,102036.36,83.0,24.4275
2022-11-21 23:38:35,8.4,20221121233831_79c4dc27-71ee-40e0-8d8a-025c9c06eeb4,2022-11-21 23:38:34.928431+00:00,192.168.1.179,102667.6 MB,9.9,949.0,413.0,102033.04,83.0,24.4275
2022-11-21 23:39:00,11.4,20221121233855_3fd8e67c-4205-424a-b96b-bb4b5a806817,2022-11-21 23:38:58.988012+00:00,192.168.1.179,102667.6 MB,9.8,950.0,65535.0,102032.83,83.0,24.4168
